{
	"59128th,aretha wonk,cancel": "cancel(Trompo Antivirus)",
	"59129th,aretha wonk,cancel,good": "cancel(Trompo Antivirus UltraPro)",
	"merry christmas": "letter_queue(Merry Christmas Aretha.\n\nBest regards)",
	"the valley,california,3914": "get_scammed_barithon",
	"bank1,026,11923": "cancel(Jones-Barithon Saxophone Shop)",
	"aretha,wonk,250,telegraph tower,new york,bitcoin": "bitcoin_invest(0)",
	"aretha,wonk,150,telegraph tower,new york,bitcoin": "bitcoin_invest(1)",
	"aretha,wonk,400,telegraph tower,new york,bitcoin": "bitcoin_invest(2)",
	"aretha,wonk,1000,telegraph tower,new york,bitcoin": "bitcoin_invest(3)",
	"57,north,alderwood,street":"article_review",
	"avenue 11,blissfield,ohio,code,a.wonk@gmail.com": "receive_codes",
	"33rd street,elko,nevada,xc103": "cancel(Clown Variable Studio)",
	"33rd street,elko,nevada,xc209": "cancel(ImageShear Pro)",
	"33rd street,elko,nevada,xc412": "cancel(ChargeMaster Special Pro)",
	"33rd street,elko,nevada,xd991": "cancel(WhiteScreen)",
	"33rd street,elko,nevada,xn410": "cancel(MindTableTennis)",
	"33rd street,elko,nevada,xl319": "cancel(DolphinBlock)",
	"33rd street,elko,nevada,xm024": "cancel(AntiAnt Pro)",
	"5th avenue,sundance,wyoming": "letter_queue(Hello\nIf you are trying to contact Thomas Wonk.. He has moved.\nHis new adress is 9th Avenue St Cloud Minnesota.\n\nPlease do not send me any more letters as I am very busy.\n\nV.W.Keishlinger)",
	"9th avenue,st cloud,minnesota": "thomas_visit"
}
